sku,name,package,description,brand,barcodes,upc,image_url,category
875806,Banana,Sold in singles,"Soft, sweet and delicious, the banana is a popular choice for breakfast, snacks or any time of the day.  The vibrant yellow peel provides natural protection while storing, and is a great indicator of when the fruit is ready to eat!",n/a,"4011,20401100000,20418600000,4186,64312604011,71752411112,7120,7490404011,20423700000,4237",4011,"https://i5.walmartimages.ca/images/Thumbnails/580/6_r/875806_R.jpg,https://i5.walmartimages.ca/images/Small/580/6_r/875806_R.jpg,https://i5.walmartimages.ca/images/Large/580/6_r/875806_R.jpg,https://i5.walmartimages.ca/images/Enlarge/580/6_r/875806_R.jpg","Fruits|Fruits & Vegetables|Grocery, "
6000196099054,"Lemons, Organic",2 lb Bag,"Lemons are Ideal for cooking, zesting and drinks.",n/a,"3338311983,75197204100,82890400006,81675400017,80914599005,89467900080,81476701203,80199450048,68575009057",3338311983,"https://i5.walmartimages.ca/images/Thumbnails/449/704/6000198449704.jpg,https://i5.walmartimages.ca/images/Small/449/704/6000198449704.jpg,https://i5.walmartimages.ca/images/Large/449/704/6000198449704.jpg,https://i5.walmartimages.ca/images/Enlarge/449/704/6000198449704.jpg","Organic Fruits & Vegetables|Natural & Organic Food|Grocery, Fruits|Fruits & Vegetables|Grocery, "
6000198627330,"Apple, Red Delicious",Sold in singles,"The Red Delicious Apple is a medium sized apple with sweet but very mild flavour.  It's dark and intense crimson colour and crispness makes it perfect as a family snack, in salads or sauces.",n/a,"4015,20416700000,4016,4168,4167,20401500000,77546204167,88339104015,3284,20416800000,20401600000,4252626677,4252626920,20328400000,400009445504",4015,"https://i5.walmartimages.ca/images/Thumbnails/062/0_r/6000191270620_R.jpg,https://i5.walmartimages.ca/images/Small/062/0_r/6000191270620_R.jpg,https://i5.walmartimages.ca/images/Large/062/0_r/6000191270620_R.jpg,https://i5.walmartimages.ca/images/Enlarge/062/0_r/6000191270620_R.jpg","Fruits|Fruits & Vegetables|Grocery, "
6000191463079,Honeydew Melon,Sold in singles,"Honeydew melon makes a refreshing treat on a hot summer day. Whether enjoyed fresh or added to a fruit salad, you can’t go wrong with a Honeydew!",n/a,"4329,4034,20403400000,3100,20432900000,62891555060,20310000000",4329,"https://i5.walmartimages.ca/images/Thumbnails/307/9_r/6000191463079_R.jpg,https://i5.walmartimages.ca/images/Small/307/9_r/6000191463079_R.jpg,https://i5.walmartimages.ca/images/Large/307/9_r/6000191463079_R.jpg,https://i5.walmartimages.ca/images/Enlarge/307/9_r/6000191463079_R.jpg","Fruits|Fruits & Vegetables|Grocery, "
6000197833736,"Cucumber, Organic",Sold in singles,Enjoy this fresh organic cucumber in your salads or sandwiches. <br><br>FRESHNESS GUARANTEED<br>You want the freshest for your family and so do we. We've trained our Associates<br>to pick the best and freshest products to meet your expectations. Satisfaction guaranteed* or your money back!<br>*Terms and conditions apply. See the Online Grocery Help page at Walmart.ca for details.,n/a,"94593,5783694593,88577304607",94593,"https://i5.walmartimages.ca/images/Thumbnails/455/398/6000200455398.jpg,https://i5.walmartimages.ca/images/Small/455/398/6000200455398.jpg,https://i5.walmartimages.ca/images/Large/455/398/6000200455398.jpg,https://i5.walmartimages.ca/images/Enlarge/455/398/6000200455398.jpg","Organic Fruits & Vegetables|Natural & Organic Food|Grocery, Fruits|Fruits & Vegetables|Grocery, "
6000196087992,"Pear, Anjou",Sold in singles,"The Anjou is truly an all-purpose pear. It is juicy and its subtle sweetness hints at a refreshing lemon-lime flavor. Their dense flesh holds up well when baked, poached, roasted, or grilled and they are delicious when sliced fresh in salads or eaten as an out-of-hand snack.",n/a,"4416,4025,88339104416,20402500000,20441600000",4416,"https://i5.walmartimages.ca/images/Thumbnails/799/2_r/6000196087992_R.jpg,https://i5.walmartimages.ca/images/Small/799/2_r/6000196087992_R.jpg,https://i5.walmartimages.ca/images/Large/799/2_r/6000196087992_R.jpg,https://i5.walmartimages.ca/images/Enlarge/799/2_r/6000196087992_R.jpg","Fruits|Fruits & Vegetables|Grocery, "
6000191272265,Kiwis,600 g,Sweet and juicy kiwis. Naturally high in vitamin C. Why is it healthy? Vitamin C helps maintain healthy skin and bones.,n/a,"3338301075,77226823452,3338340109,62819600007,68575000232,801467800302,3338340100,9824900267,89824900267,898249002677,4301,33383010755,20430100000,81884902000,3338344593",3338301075,"https://i5.walmartimages.ca/images/Thumbnails/094/555/6000200094555.jpg,https://i5.walmartimages.ca/images/Small/094/555/6000200094555.jpg,https://i5.walmartimages.ca/images/Large/094/555/6000200094555.jpg,https://i5.walmartimages.ca/images/Enlarge/094/555/6000200094555.jpg,https://i5.walmartimages.ca/images/Thumbnails/075/5_1/999999-33383010755_1.jpg,https://i5.walmartimages.ca/images/Small/094/555/6000200094555.jpg,https://i5.walmartimages.ca/images/Large/075/5_1/999999-33383010755_1.jpg,https://i5.walmartimages.ca/images/Enlarge/075/5_1/999999-33383010755_1.jpg","Fruits|Fruits & Vegetables|Grocery, "
6000195114172,Grapefruit,3 lb Bag,"The grapefruit, named after the way it grows in a grape cluster on the tree, is a juicy and tangy fruit that can be enjoyed throughout the year. Peel back the bright yellow and orange rind to reveal a rich, luscious pulp and chockfull of health! Its appetizingly tart flavor delights the palate, and is easy to squeeze into juice.",n/a,"3338310813,3338370116,3338391112,82747000305,62891555024,3383701165,3338312624,6602200432",3338310813,"https://i5.walmartimages.ca/images/Thumbnails/efr/uit/Grapefruit.jpg,https://i5.walmartimages.ca/images/Small/efr/uit/Grapefruit.jpg,https://i5.walmartimages.ca/images/Large/efr/uit/Grapefruit.jpg,https://i5.walmartimages.ca/images/Enlarge/efr/uit/Grapefruit.jpg","Fruits|Fruits & Vegetables|Grocery, "
6000197343804,"Apple, Red Delicious, Your Fresh Market",3 lb Bag,Red Delicious apples are an American classic with mild sweet flavors and only a few notes of acidity. They are perfect for snacking raw or added in a salad.,Your Fresh Market,"3338344028,3338300001,3338300041,82010365872,3338344151,6820644017,81050601090,6073644151,62891561166,62891561171,62891561177,62891561183,88828940186,82010365873,8882894018,85121000286,5121000286,88339100373",3338344028,"https://i5.walmartimages.ca/images/Thumbnails/653/756/6000198653756.jpg,https://i5.walmartimages.ca/images/Small/653/756/6000198653756.jpg,https://i5.walmartimages.ca/images/Large/653/756/6000198653756.jpg,https://i5.walmartimages.ca/images/Enlarge/653/756/6000198653756.jpg","Fruits|Fruits & Vegetables|Grocery, "
6000196794990,Kiwi,Sold in singles,This sweet Kiwi fruit makes a great snack. With a distinct tropical flavour it pairs well in your salad and desserts.,n/a,"20403000000,4030,3280,3880,20388000000,20328000000",20403000000,"https://i5.walmartimages.ca/images/Thumbnails/094/500/6000200094500.jpg,https://i5.walmartimages.ca/images/Small/094/500/6000200094500.jpg,https://i5.walmartimages.ca/images/Large/094/500/6000200094500.jpg,https://i5.walmartimages.ca/images/Enlarge/094/500/6000200094500.jpg","Fruits|Fruits & Vegetables|Grocery, "
6000196795547,"Avocado, Organic",Pack of 4,Ready to eat organic avacado. Creamy & nutty. Blend with lime juice and seasoning for a quick guacamole. Source of vitamin E. Source of vitamin B6. Source of pantothenic acid. Source of fibre.,n/a,"62891555094,3338340168,3338340157,8909100040,8909100049,3338340164,7074001245,80914599199,89467900061,750301203702,750401518911,8146830121,81468301217,61010401584,85299000839,33383401630,33338340159",62891555094,"https://i5.walmartimages.ca/images/Thumbnails/401/645/999999-33383401645.jpg,https://i5.walmartimages.ca/images/Small/401/645/999999-33383401645.jpg,https://i5.walmartimages.ca/images/Large/401/645/999999-33383401645.jpg,https://i5.walmartimages.ca/images/Enlarge/401/645/999999-33383401645.jpg","Organic Fruits & Vegetables|Natural & Organic Food|Grocery, Fruits|Fruits & Vegetables|Grocery, "
6000197209332,"Blueberries, Organic",6 oz,FRESHNESS GUARANTEED<br>You want the freshest for your family and so do we. We've trained our Associates to pick the best and freshest products to meet your expectations. Satisfaction guaranteed* or your money back! *Terms and conditions apply. See the Online Grocery Help page at Walmart.ca for details.,n/a,"780465398012,81204900910,780465505001,71575630009,66529005134,82890465897,60611029353,750301578040,3338322236,828904695897,65290051349,3338322232,780465009014,63855001170,85248500800,4500985683,775126200320,85299000812,85178100594,76163520395,67170400014,780465398014,750302428704,6602200278,85344700357,85942600518,780465505013,62784383894,857783005100,68575009166,85735900293",780465398012,"https://i5.walmartimages.ca/images/Thumbnails/897/0_1/828904658970_1.jpg,https://i5.walmartimages.ca/images/Small/897/0_1/828904658970_1.jpg,https://i5.walmartimages.ca/images/Large/897/0_1/828904658970_1.jpg,https://i5.walmartimages.ca/images/Enlarge/897/0_1/828904658970_1.jpg","Organic Fruits & Vegetables|Natural & Organic Food|Grocery, Fruits|Fruits & Vegetables|Grocery, "
6000192860450,"Apple, Honeycrisp",Sold in singles,"With its honey-like taste, the Honeycrisp variety is particularly sweet, crisp and juicy, making it ideal for eating raw.",n/a,"77546203283,3283,20328300000,3468",77546203283,"https://i5.walmartimages.ca/images/Thumbnails/094/498/6000200094498.jpg,https://i5.walmartimages.ca/images/Small/094/498/6000200094498.jpg,https://i5.walmartimages.ca/images/Large/094/498/6000200094498.jpg,https://i5.walmartimages.ca/images/Enlarge/094/498/6000200094498.jpg","Fruits|Fruits & Vegetables|Grocery, "
6000194101653,"Tomato, Cherry",283 g,"Chop them up for bruschetta, stick them in a salad, and slice them to top a burger or eat them raw. Either way, tomatoes are a popular choice to add some juiciness and flavour to your meals. Not to mention, you can use them for tomato juice, pasta sauces and even ketchup. Store them at room temperature to preserve their taste.",n/a,"5783602104,62891555224,40078945615,62893800001,1111091192",5783602104,"https://i5.walmartimages.ca/images/Thumbnails/094/570/6000200094570.jpg,https://i5.walmartimages.ca/images/Small/094/570/6000200094570.jpg,https://i5.walmartimages.ca/images/Large/094/570/6000200094570.jpg,https://i5.walmartimages.ca/images/Enlarge/094/570/6000200094570.jpg","Vegetables|Fruits & Vegetables|Grocery, Fruits|Fruits & Vegetables|Grocery, "
6000201571968,Peaches,2 lb,FRESHNESS GUARANTEED<br>You want the freshest for your family and so do we. We've trained our Associates<br>to pick the best and freshest products to meet your expectations. Satisfaction guaranteed* or your money back!<br>*Terms and conditions apply. See the Online Grocery Help page at Walmart.ca for details.,n/a,3338302071,3338302071,"https://i5.walmartimages.ca/images/Thumbnails/020/716/33383020716.jpg,https://i5.walmartimages.ca/images/Small/020/716/33383020716.jpg,https://i5.walmartimages.ca/images/Large/020/716/33383020716.jpg,https://i5.walmartimages.ca/images/Enlarge/020/716/33383020716.jpg","Fruits|Fruits & Vegetables|Grocery, "
6000199954267,Golden Berries,200 g,FRESHNESS GUARANTEED<br>You want the freshest for your family and so do we. We've trained our Associates<br>to pick the best and freshest products to meet your expectations. Satisfaction guaranteed* or your money back!<br>*Terms and conditions apply. See the Online Grocery Help page at Walmart.ca for details.,n/a,770689900063,770689900063,"https://i5.walmartimages.ca/images/Thumbnails/000/635/7706899000635.jpg,https://i5.walmartimages.ca/images/Small/000/635/7706899000635.jpg,https://i5.walmartimages.ca/images/Large/000/635/7706899000635.jpg,https://i5.walmartimages.ca/images/Enlarge/000/635/7706899000635.jpg","Fruits|Fruits & Vegetables|Grocery, "
6000197320924,"Apple, Empire, Your Fresh Market",3 lb,"Empire apples are crispy and juicy in flavour. Great for baking, making apple sauce, and eating fresh. <br><br>FRESHNESS GUARANTEED<br>You want the freshest for your family and so do we. We've trained our Associates<br>to pick the best and freshest products to meet your expectations. Satisfaction guaranteed* or your money back!<br>*Terms and conditions apply. See the Online Grocery Help page at Walmart.ca for details.",Your Fresh Market,62891561167,62891561167,"https://i5.walmartimages.ca/images/Thumbnails/653/775/6000198653775.jpg,https://i5.walmartimages.ca/images/Small/653/775/6000198653775.jpg,https://i5.walmartimages.ca/images/Large/653/775/6000198653775.jpg,https://i5.walmartimages.ca/images/Enlarge/653/775/6000198653775.jpg","Fruits|Fruits & Vegetables|Grocery, "
6000199360630,Your Fresh Market Lemon,2 lb,FRESHNESS GUARANTEED<br>You want the freshest for your family and so do we. We've trained our Associates<br>to pick the best and freshest products to meet your expectations. Satisfaction guaranteed* or your money back!<br>*Terms and conditions apply. See the Online Grocery Help page at Walmart.ca for details.,Your Fresh Market,62891582522,62891582522,"https://i5.walmartimages.ca/images/Thumbnails/825/220/628915825220.jpg,https://i5.walmartimages.ca/images/Small/825/220/628915825220.jpg,https://i5.walmartimages.ca/images/Large/825/220/628915825220.jpg,https://i5.walmartimages.ca/images/Enlarge/825/220/628915825220.jpg","Fruits|Fruits & Vegetables|Grocery, "
6000196624721,"Apple, Empire",3 lb Bag,"Empire Apples are medium sized sweet apples with a crisp flavour. It's crispness makes it perfect as a family snack, in salads or sauces.",n/a,"62891554949,3338344120,6820644001,6073644120,62891561167,62891561172,62891561178",62891554949,"https://i5.walmartimages.ca/images/Thumbnails/ion/_xl/Fotolia_21616357_Subscription_XL.jpg,https://i5.walmartimages.ca/images/Small/ion/_xl/Fotolia_21616357_Subscription_XL.jpg,https://i5.walmartimages.ca/images/Large/ion/_xl/Fotolia_21616357_Subscription_XL.jpg,https://i5.walmartimages.ca/images/Enlarge/ion/_xl/Fotolia_21616357_Subscription_XL.jpg","Fruits|Fruits & Vegetables|Grocery, "
6000196006423,"Apple, Fuji",Sold in singles,The Fuji apple is crisp and sweet and wonderful to add to salads or to eat on its own.,Imperial,"4129,88339104129,4131,20413100000,20412900000,4106,20410600000,40030878388,4252626668,4252626911",4129,"https://i5.walmartimages.ca/images/Thumbnails/094/512/6000200094512.jpg,https://i5.walmartimages.ca/images/Small/094/512/6000200094512.jpg,https://i5.walmartimages.ca/images/Large/094/512/6000200094512.jpg,https://i5.walmartimages.ca/images/Enlarge/094/512/6000200094512.jpg","Chinese & East Asian|International Foods|Grocery, Fruits|Fruits & Vegetables|Grocery, "
10303398,Dole Crushed Pineapple in Pineapple Juice,398 mL,"Dole Canned Pineapple is a convenient, ready to eat and ready to use product.  Dole Crushed Pineapple is great to use in fruit smoothies, added to fruit salsas, baked muffins or breads, mixed into cottage cheese or as a dessert topping.",Dole,"6525000656,40009288046",6525000656,"https://i5.walmartimages.ca/images/Thumbnails/144/749/144749.jpg,https://i5.walmartimages.ca/images/Small/144/749/144749.jpg,https://i5.walmartimages.ca/images/Large/144/749/144749.jpg,https://i5.walmartimages.ca/images/Enlarge/144/749/144749.jpg,https://i5.walmartimages.ca/images/Thumbnails/474/9_1/144749_1.jpg,https://i5.walmartimages.ca/images/Small/144/749/144749.jpg,https://i5.walmartimages.ca/images/Large/474/9_1/144749_1.jpg,https://i5.walmartimages.ca/images/Enlarge/474/9_1/144749_1.jpg,https://i5.walmartimages.ca/images/Thumbnails/474/9_2/144749_2.jpg,https://i5.walmartimages.ca/images/Small/144/749/144749.jpg,https://i5.walmartimages.ca/images/Large/474/9_2/144749_2.jpg,https://i5.walmartimages.ca/images/Enlarge/474/9_2/144749_2.jpg,https://i5.walmartimages.ca/images/Thumbnails/474/9_2/144749_2.jpg,https://i5.walmartimages.ca/images/Small/144/749/144749.jpg,https://i5.walmartimages.ca/images/Large/474/9_2/144749_2.jpg,https://i5.walmartimages.ca/images/Enlarge/474/9_2/144749_2.jpg","Canned Fruit|Canned Food|Pantry Food|Grocery, "
6000197676492,"Coconut, Brown",Sold in singles,"When drained, coconut water can be reserved for drinking. The white meat inside can be grated for fruit salad or baking. <br><br>FRESHNESS GUARANTEED<br>You want the freshest for your family and so do we. We've trained our Associates<br>to pick the best and freshest products to meet your expectations. Satisfaction guaranteed* or your money back!<br>*Terms and conditions apply. See the Online Grocery Help page at Walmart.ca for details.",n/a,"4262,6203700018,4261,20426200000,3338340200,20426100000,7646",4262,"https://i5.walmartimages.ca/images/Thumbnails/634/387/6000198634387.jpg,https://i5.walmartimages.ca/images/Small/634/387/6000198634387.jpg,https://i5.walmartimages.ca/images/Large/634/387/6000198634387.jpg,https://i5.walmartimages.ca/images/Enlarge/634/387/6000198634387.jpg","Indian & South Asian|International Foods|Grocery, Thai & Southeast Asian|International Foods|Grocery, Caribbean|International Foods|Grocery, Fruits|Fruits & Vegetables|Grocery, "
6000196006437,"Pear, Asian",Sold in singles,The firm and crisp texture of Asian pears make them a popular addition to fresh salads.,n/a,"4407,20440700000,4408,20440800000,67929501476",4407,"https://i5.walmartimages.ca/images/Thumbnails/-44/073/999999-44073.jpg,https://i5.walmartimages.ca/images/Small/-44/073/999999-44073.jpg,https://i5.walmartimages.ca/images/Large/-44/073/999999-44073.jpg,https://i5.walmartimages.ca/images/Enlarge/-44/073/999999-44073.jpg","Chinese & East Asian|International Foods|Grocery, Fruits|Fruits & Vegetables|Grocery, "
6000194126173,"Apple, Mcintosh",3 lb Bag,"The McIntosh apple, or “the mac,” is one of Canada’s most famous and popular apples. Known for its bright red hue and delicious taste, the apple can be used for snacking, baking or any other use. Store the apples in the fridge in order to provide the longest shelf life.",n/a,"3338344289,3338344042,62669304634,62891561165,3338344482",3338344289,"https://i5.walmartimages.ca/images/Thumbnails/617/3_r/6000194126173_R.jpg,https://i5.walmartimages.ca/images/Small/617/3_r/6000194126173_R.jpg,https://i5.walmartimages.ca/images/Large/617/3_r/6000194126173_R.jpg,https://i5.walmartimages.ca/images/Enlarge/617/3_r/6000194126173_R.jpg","Fruits|Fruits & Vegetables|Grocery, "
6000196006712,"Apple, Macintosh",Sold in singles,"Mac apple is crisp, juicy and sweet. It's an excellent snacking apple.",n/a,"4116,4152,34563463,4153,20415200000,20415300000,4154,4019,77546204152,77546204116,20411600000,20415400000,20401900000,20412500000,4125",4116,"https://i5.walmartimages.ca/images/Thumbnails/441/207/33383441207.jpg,https://i5.walmartimages.ca/images/Small/441/207/33383441207.jpg,https://i5.walmartimages.ca/images/Large/441/207/33383441207.jpg,https://i5.walmartimages.ca/images/Enlarge/441/207/33383441207.jpg","Fruits|Fruits & Vegetables|Grocery, "
6000200660639,"Apples, Jazz, Organic",2 lb bag,FRESHNESS GUARANTEED<br>You want the freshest for your family and so do we. We've trained our Associates<br>to pick the best and freshest products to meet your expectations. Satisfaction guaranteed* or your money back!<br>*Terms and conditions apply. See the Online Grocery Help page at Walmart.ca for details.,n/a,"6602200535,66022005351,66022005352,40030231450",6602200535,"https://i5.walmartimages.ca/images/Thumbnails/005/355/66022005355.jpg,https://i5.walmartimages.ca/images/Small/005/355/66022005355.jpg,https://i5.walmartimages.ca/images/Large/005/355/66022005355.jpg,https://i5.walmartimages.ca/images/Enlarge/005/355/66022005355.jpg","Organic Fruits & Vegetables|Natural & Organic Food|Grocery, Fruits|Fruits & Vegetables|Grocery, "
6000200928801,Plums,2 lb,FRESHNESS GUARANTEED<br>You want the freshest for your family and so do we. We've trained our Associates<br>to pick the best and freshest products to meet your expectations. Satisfaction guaranteed* or your money back!<br>*Terms and conditions apply. See the Online Grocery Help page at Walmart.ca for details.,n/a,3338302073,3338302073,"https://i5.walmartimages.ca/images/Thumbnails/020/730/33383020730.jpg,https://i5.walmartimages.ca/images/Small/020/730/33383020730.jpg,https://i5.walmartimages.ca/images/Large/020/730/33383020730.jpg,https://i5.walmartimages.ca/images/Enlarge/020/730/33383020730.jpg","Fruits|Fruits & Vegetables|Grocery, "
6000194125043,"Apple, Granny Smith",1.36 kg,"Granny Smith Apples are firm with a bright green skin and a crisp delicious taste, great for a snack or fruit salad.<br><br><br>FRESHNESS GUARANTEED<br>You want the freshest for your family and so do we. We've trained our Associates<br>to pick the best and freshest products to meet your expectations. Satisfaction guaranteed* or your money back!<br>*Terms and conditions apply. See the Online Grocery Help page at Walmart.ca for details.",n/a,"78046331803,780463318036,3338302185,8828940107,780463121008,88828940107,3338300153,3338300185,77590001008,780462396095,88339100371,84708100028,88298401073,8882894010,779815540489,85121000291,85121000272,780012200035,64531889142,3338301185",78046331803,"https://i5.walmartimages.ca/images/Thumbnails/094/554/6000200094554.jpg,https://i5.walmartimages.ca/images/Small/094/554/6000200094554.jpg,https://i5.walmartimages.ca/images/Large/094/554/6000200094554.jpg,https://i5.walmartimages.ca/images/Enlarge/094/554/6000200094554.jpg","Fruits|Fruits & Vegetables|Grocery, "
6000195494142,"Pear, Bosc",Sold in singles,"The distinct brown flesh and long neck make the Bosc pear instantly recognizable. The unique look is further enhanced by the crisp, smooth flesh and refreshingly juicy flavour.",n/a,"4413,4026,4412,20441300000,20441100000,20402600000,20441200000,4252627066,4252626823",4413,"https://i5.walmartimages.ca/images/Thumbnails/414/2_r/6000195494142_R.jpg,https://i5.walmartimages.ca/images/Small/414/2_r/6000195494142_R.jpg,https://i5.walmartimages.ca/images/Large/414/2_r/6000195494142_R.jpg,https://i5.walmartimages.ca/images/Enlarge/414/2_r/6000195494142_R.jpg","Fruits|Fruits & Vegetables|Grocery, "
6000189882598,"Apple, Golden Delicious",Sold in singles,Enjoy these Golden Delicious apples known for their large size and sweetness!  Perfect for a quick snack or addition to a salad.,Imperial,"4020,4021,4136,3285,20402100000,20413600000,20413700000,20328500000,3338346508,20402000000,4252626913,4252626670",4020,"https://i5.walmartimages.ca/images/Thumbnails/094/499/6000200094499.jpg,https://i5.walmartimages.ca/images/Small/094/499/6000200094499.jpg,https://i5.walmartimages.ca/images/Large/094/499/6000200094499.jpg,https://i5.walmartimages.ca/images/Enlarge/094/499/6000200094499.jpg","Fruits|Fruits & Vegetables|Grocery, "
6000191281600,"Pineapple, Cored",Sold in singles,Pineapples have exceptional juiciness and a vibrant tropical flavor that balances the tastes of sweet and tart. The flesh and juice of the pineapple are used in cuisines around the world.,n/a,"80914512703,71752451518",80914512703,"https://i5.walmartimages.ca/images/Thumbnails/171/165/6000201171165.jpg,https://i5.walmartimages.ca/images/Small/171/165/6000201171165.jpg,https://i5.walmartimages.ca/images/Large/171/165/6000201171165.jpg,https://i5.walmartimages.ca/images/Enlarge/171/165/6000201171165.jpg,https://i5.walmartimages.ca/images/Thumbnails/171/163/6000201171163.jpg,https://i5.walmartimages.ca/images/Small/171/165/6000201171165.jpg,https://i5.walmartimages.ca/images/Large/171/163/6000201171163.jpg,https://i5.walmartimages.ca/images/Enlarge/171/163/6000201171163.jpg,https://i5.walmartimages.ca/images/Thumbnails/171/164/6000201171164.jpg,https://i5.walmartimages.ca/images/Small/171/165/6000201171165.jpg,https://i5.walmartimages.ca/images/Large/171/164/6000201171164.jpg,https://i5.walmartimages.ca/images/Enlarge/171/164/6000201171164.jpg,https://i5.walmartimages.ca/images/Thumbnails/171/164/6000201171164.jpg,https://i5.walmartimages.ca/images/Small/171/165/6000201171165.jpg,https://i5.walmartimages.ca/images/Large/171/164/6000201171164.jpg,https://i5.walmartimages.ca/images/Enlarge/171/164/6000201171164.jpg","Fruits|Fruits & Vegetables|Grocery, "
6000191271897,"Papaya, Jumbo",Sold in singles,Deliciously juicy and perfectly ripe jumbo papaya. Naturally high in vitamin C. Naturally high in fibre. Why it's healthy. Vitamin C helps maintain healthy skin and bones. Fibre helps maintain a healthy digestive system.,n/a,"20311200000,4394,3111,4052,3112,20439400000,20311100000,62891555114,20405200000",20311200000,"https://i5.walmartimages.ca/images/Thumbnails/094/495/6000200094495.jpg,https://i5.walmartimages.ca/images/Small/094/495/6000200094495.jpg,https://i5.walmartimages.ca/images/Large/094/495/6000200094495.jpg,https://i5.walmartimages.ca/images/Enlarge/094/495/6000200094495.jpg","Caribbean|International Foods|Grocery, Fruits|Fruits & Vegetables|Grocery, "
6000195944782,"Grapefruit, Large Red",Sold in singles,"The grapefruit, named after the way it grows in a grape cluster on the tree, is a juicy and tangy fruit that can be enjoyed throughout the year. Peel  back the bright yellow and orange rind to reveal a rich, luscious pulp and chockfull of health! Its appetizingly tart flavor delights the palate, and is easy to squeeze into juice.",n/a,"4289,4285,4288,4287,20428800000,20428900000,20428100000,20428200000,20428400000,20428600000,62891555026,4282,20428700000,20428500000,20402700000,20449500000,4286",4289,"https://i5.walmartimages.ca/images/Thumbnails/478/2_r/6000195944782_R.jpg,https://i5.walmartimages.ca/images/Small/478/2_r/6000195944782_R.jpg,https://i5.walmartimages.ca/images/Large/478/2_r/6000195944782_R.jpg,https://i5.walmartimages.ca/images/Enlarge/478/2_r/6000195944782_R.jpg","Fruits|Fruits & Vegetables|Grocery, "
6000196088114,"Mango, Ataulfo",Sold in singles,"One of the sweetest varieties of mangos, the Ataulfo has a smooth, creamy flesh, a small thin pit and is delicious on its own, in fruit salads or smoothies.",n/a,"4961,4312,20431200000,20496100000,62891554968,33383402161,20336500000",4961,"https://i5.walmartimages.ca/images/Thumbnails/094/519/6000200094519.jpg,https://i5.walmartimages.ca/images/Small/094/519/6000200094519.jpg,https://i5.walmartimages.ca/images/Large/094/519/6000200094519.jpg,https://i5.walmartimages.ca/images/Enlarge/094/519/6000200094519.jpg","Fruits|Fruits & Vegetables|Grocery, "
6000197214181,"Coconut, Green",Sold in singles,Cut a hole at the top of this green coconut to enjoy its sweet and delicious coconut water. Don’t forget to spoon out the jelly! <br><br>FRESHNESS GUARANTEED<br>You want the freshest for your family and so do we. We've trained our Associates<br>to pick the best and freshest products to meet your expectations. Satisfaction guaranteed* or your money back!<br>*Terms and conditions apply. See the Online Grocery Help page at Walmart.ca for details.,n/a,"798638254673,4260",798638254673,"https://i5.walmartimages.ca/images/Thumbnails/094/518/6000200094518.jpg,https://i5.walmartimages.ca/images/Small/094/518/6000200094518.jpg,https://i5.walmartimages.ca/images/Large/094/518/6000200094518.jpg,https://i5.walmartimages.ca/images/Enlarge/094/518/6000200094518.jpg","Indian & South Asian|International Foods|Grocery, Thai & Southeast Asian|International Foods|Grocery, Caribbean|International Foods|Grocery, Fruits|Fruits & Vegetables|Grocery, Mexican & Latin American|International Foods|Grocery, "
6000199964365,Young Coconut,2.1 lb - 2.5 lb each,FRESHNESS GUARANTEED<br>You want the freshest for your family and so do we. We've trained our Associates<br>to pick the best and freshest products to meet your expectations. Satisfaction guaranteed* or your money back!<br>*Terms and conditions apply. See the Online Grocery Help page at Walmart.ca for details.,n/a,67929500009,67929500009,"https://i5.walmartimages.ca/images/Thumbnails/500/097/67929500097.jpg,https://i5.walmartimages.ca/images/Small/500/097/67929500097.jpg,https://i5.walmartimages.ca/images/Large/500/097/67929500097.jpg,https://i5.walmartimages.ca/images/Enlarge/500/097/67929500097.jpg","Fruits|Fruits & Vegetables|Grocery, "
6000191284633,"Watermelon, Mini Seedless",Sold in singles,Mini seedless watermelon is a refreshing and tasty treat the whole family can enjoy.,n/a,"3421,3338340243,20342100000,62891555241,62891555242,82757520007,4331,93421",3421,"https://i5.walmartimages.ca/images/Thumbnails/125/978/6000200125978.jpg,https://i5.walmartimages.ca/images/Small/125/978/6000200125978.jpg,https://i5.walmartimages.ca/images/Large/125/978/6000200125978.jpg,https://i5.walmartimages.ca/images/Enlarge/125/978/6000200125978.jpg","Fruits|Fruits & Vegetables|Grocery, "
6000199678099,Pineapple Spears,Net Wt 900 g,FRESHNESS GUARANTEED<br>You want the freshest for your family and so do we. We've trained our Associates<br>to pick the best and freshest products to meet your expectations. Satisfaction guaranteed* or your money back!<br>*Terms and conditions apply. See the Online Grocery Help page at Walmart.ca for details.,Del Monte Fresh Produce,71752451305,71752451305,"https://i5.walmartimages.ca/images/Thumbnails/058/942/6000201058942.jpg,https://i5.walmartimages.ca/images/Small/058/942/6000201058942.jpg,https://i5.walmartimages.ca/images/Large/058/942/6000201058942.jpg,https://i5.walmartimages.ca/images/Enlarge/058/942/6000201058942.jpg,https://i5.walmartimages.ca/images/Thumbnails/058/912/6000201058912.jpg,https://i5.walmartimages.ca/images/Small/058/942/6000201058942.jpg,https://i5.walmartimages.ca/images/Large/058/912/6000201058912.jpg,https://i5.walmartimages.ca/images/Enlarge/058/912/6000201058912.jpg,https://i5.walmartimages.ca/images/Thumbnails/058/912/6000201058912.jpg,https://i5.walmartimages.ca/images/Small/058/942/6000201058942.jpg,https://i5.walmartimages.ca/images/Large/058/912/6000201058912.jpg,https://i5.walmartimages.ca/images/Enlarge/058/912/6000201058912.jpg","Fruits|Fruits & Vegetables|Grocery, "
6000196180853,Plantain,Sold in Singles,"Used in savory dishes, plantains&nbsp;are a member of the banana family. Starchy and low in sugar, they are usually cooked before serving as it is unsuitable raw.",n/a,"20328700000,4235,71752421000",20328700000,"https://i5.walmartimages.ca/images/Thumbnails/000/002/999999-203287000002.jpg,https://i5.walmartimages.ca/images/Small/000/002/999999-203287000002.jpg,https://i5.walmartimages.ca/images/Large/000/002/999999-203287000002.jpg,https://i5.walmartimages.ca/images/Enlarge/000/002/999999-203287000002.jpg","Caribbean|International Foods|Grocery, Fruits|Fruits & Vegetables|Grocery, Mexican & Latin American|International Foods|Grocery, "
6000199676709,Fruit Tri Pack,Net Wt 900 g,FRESHNESS GUARANTEED<br>You want the freshest for your family and so do we. We've trained our Associates<br>to pick the best and freshest products to meet your expectations. Satisfaction guaranteed* or your money back!<br>*Terms and conditions apply. See the Online Grocery Help page at Walmart.ca for details.,Del Monte Fresh Produce,71752478472,71752478472,"https://i5.walmartimages.ca/images/Thumbnails/058/929/6000201058929.jpg,https://i5.walmartimages.ca/images/Small/058/929/6000201058929.jpg,https://i5.walmartimages.ca/images/Large/058/929/6000201058929.jpg,https://i5.walmartimages.ca/images/Enlarge/058/929/6000201058929.jpg,https://i5.walmartimages.ca/images/Thumbnails/058/901/6000201058901.jpg,https://i5.walmartimages.ca/images/Small/058/929/6000201058929.jpg,https://i5.walmartimages.ca/images/Large/058/901/6000201058901.jpg,https://i5.walmartimages.ca/images/Enlarge/058/901/6000201058901.jpg,https://i5.walmartimages.ca/images/Thumbnails/058/901/6000201058901.jpg,https://i5.walmartimages.ca/images/Small/058/929/6000201058929.jpg,https://i5.walmartimages.ca/images/Large/058/901/6000201058901.jpg,https://i5.walmartimages.ca/images/Enlarge/058/901/6000201058901.jpg","Fruits|Fruits & Vegetables|Grocery, "
6000200739672,"Lemon, Organic",2 lb,FRESHNESS GUARANTEED<br>You want the freshest for your family and so do we. We've trained our Associates<br>to pick the best and freshest products to meet your expectations. Satisfaction guaranteed* or your money back!<br>*Terms and conditions apply. See the Online Grocery Help page at Walmart.ca for details.,Unbrand,68575009057,68575009057,"https://i5.walmartimages.ca/images/Thumbnails/949/605/6000200949605.jpg,https://i5.walmartimages.ca/images/Small/949/605/6000200949605.jpg,https://i5.walmartimages.ca/images/Large/949/605/6000200949605.jpg,https://i5.walmartimages.ca/images/Enlarge/949/605/6000200949605.jpg","Fruits|Fruits & Vegetables|Grocery, "
6000199678404,Sliced Green Apples,Net Wt 595 g,FRESHNESS GUARANTEED<br>You want the freshest for your family and so do we. We've trained our Associates<br>to pick the best and freshest products to meet your expectations. Satisfaction guaranteed* or your money back!<br>*Terms and conditions apply. See the Online Grocery Help page at Walmart.ca for details.,Del Monte Fresh Produce,71752471623,71752471623,"https://i5.walmartimages.ca/images/Thumbnails/058/938/6000201058938.jpg,https://i5.walmartimages.ca/images/Small/058/938/6000201058938.jpg,https://i5.walmartimages.ca/images/Large/058/938/6000201058938.jpg,https://i5.walmartimages.ca/images/Enlarge/058/938/6000201058938.jpg,https://i5.walmartimages.ca/images/Thumbnails/058/910/6000201058910.jpg,https://i5.walmartimages.ca/images/Small/058/938/6000201058938.jpg,https://i5.walmartimages.ca/images/Large/058/910/6000201058910.jpg,https://i5.walmartimages.ca/images/Enlarge/058/910/6000201058910.jpg,https://i5.walmartimages.ca/images/Thumbnails/058/910/6000201058910.jpg,https://i5.walmartimages.ca/images/Small/058/938/6000201058938.jpg,https://i5.walmartimages.ca/images/Large/058/910/6000201058910.jpg,https://i5.walmartimages.ca/images/Enlarge/058/910/6000201058910.jpg","Fruits|Fruits & Vegetables|Grocery, "
6000199723457,Watermelon Spears,Net Wt 900 g,FRESHNESS GUARANTEED<br>You want the freshest for your family and so do we. We've trained our Associates<br>to pick the best and freshest products to meet your expectations. Satisfaction guaranteed* or your money back!<br>*Terms and conditions apply. See the Online Grocery Help page at Walmart.ca for details.,Del Monte Fresh Produce,71752441204,71752441204,"https://i5.walmartimages.ca/images/Thumbnails/058/946/6000201058946.jpg,https://i5.walmartimages.ca/images/Small/058/946/6000201058946.jpg,https://i5.walmartimages.ca/images/Large/058/946/6000201058946.jpg,https://i5.walmartimages.ca/images/Enlarge/058/946/6000201058946.jpg,https://i5.walmartimages.ca/images/Thumbnails/058/916/6000201058916.jpg,https://i5.walmartimages.ca/images/Small/058/946/6000201058946.jpg,https://i5.walmartimages.ca/images/Large/058/916/6000201058916.jpg,https://i5.walmartimages.ca/images/Enlarge/058/916/6000201058916.jpg,https://i5.walmartimages.ca/images/Thumbnails/058/916/6000201058916.jpg,https://i5.walmartimages.ca/images/Small/058/946/6000201058946.jpg,https://i5.walmartimages.ca/images/Large/058/916/6000201058916.jpg,https://i5.walmartimages.ca/images/Enlarge/058/916/6000201058916.jpg","Fruits|Fruits & Vegetables|Grocery, "
6000199619622,"Pear Anjou, Organic",6.60 lb,FRESHNESS GUARANTEED<br>You want the freshest for your family and so do we. We've trained our Associates<br>to pick the best and freshest products to meet your expectations. Satisfaction guaranteed* or your money back!<br>*Terms and conditions apply. See the Online Grocery Help page at Walmart.ca for details.,n/a,88268304001,88268304001,"https://i5.walmartimages.ca/images/Thumbnails/040/012/882683040012.jpg,https://i5.walmartimages.ca/images/Small/040/012/882683040012.jpg,https://i5.walmartimages.ca/images/Large/040/012/882683040012.jpg,https://i5.walmartimages.ca/images/Enlarge/040/012/882683040012.jpg","Fruits|Fruits & Vegetables|Grocery, "
6000196429561,"Kiwi, Organic",1 lb tray,FRESHNESS GUARANTEED<br>You want the freshest for your family and so do we. We've trained our Associates<br>to pick the best and freshest products to meet your expectations. Satisfaction guaranteed* or your money back!<br>*Terms and conditions apply. See the Online Grocery Help page at Walmart.ca for details.,n/a,68575009000,68575009000,"https://i5.walmartimages.ca/images/Thumbnails/090/008/685750090008.jpg,https://i5.walmartimages.ca/images/Small/090/008/685750090008.jpg,https://i5.walmartimages.ca/images/Large/090/008/685750090008.jpg,https://i5.walmartimages.ca/images/Enlarge/090/008/685750090008.jpg","Fruits|Fruits & Vegetables|Grocery, "
6000198792590,Del Monte Gold Pineapple Chunks,284 g,FRESHNESS GUARANTEED<br>You want the freshest for your family and so do we. We've trained our Associates<br>to pick the best and freshest products to meet your expectations. Satisfaction guaranteed* or your money back!<br>*Terms and conditions apply. See the Online Grocery Help page at Walmart.ca for details.,Del Monte Fresh Produce,71752451303,71752451303,"https://i5.walmartimages.ca/images/Thumbnails/058/943/6000201058943.jpg,https://i5.walmartimages.ca/images/Small/058/943/6000201058943.jpg,https://i5.walmartimages.ca/images/Large/058/943/6000201058943.jpg,https://i5.walmartimages.ca/images/Enlarge/058/943/6000201058943.jpg,https://i5.walmartimages.ca/images/Thumbnails/058/913/6000201058913.jpg,https://i5.walmartimages.ca/images/Small/058/943/6000201058943.jpg,https://i5.walmartimages.ca/images/Large/058/913/6000201058913.jpg,https://i5.walmartimages.ca/images/Enlarge/058/913/6000201058913.jpg,https://i5.walmartimages.ca/images/Thumbnails/058/913/6000201058913.jpg,https://i5.walmartimages.ca/images/Small/058/943/6000201058943.jpg,https://i5.walmartimages.ca/images/Large/058/913/6000201058913.jpg,https://i5.walmartimages.ca/images/Enlarge/058/913/6000201058913.jpg","Fruits|Fruits & Vegetables|Grocery, "
6000199677825,Sliced Red Apples,Net Wt 595 g,FRESHNESS GUARANTEED<br>You want the freshest for your family and so do we. We've trained our Associates<br>to pick the best and freshest products to meet your expectations. Satisfaction guaranteed* or your money back!<br>*Terms and conditions apply. See the Online Grocery Help page at Walmart.ca for details.,Del Monte Fresh Produce,71752471624,71752471624,"https://i5.walmartimages.ca/images/Thumbnails/058/936/6000201058936.jpg,https://i5.walmartimages.ca/images/Small/058/936/6000201058936.jpg,https://i5.walmartimages.ca/images/Large/058/936/6000201058936.jpg,https://i5.walmartimages.ca/images/Enlarge/058/936/6000201058936.jpg,https://i5.walmartimages.ca/images/Thumbnails/058/908/6000201058908.jpg,https://i5.walmartimages.ca/images/Small/058/936/6000201058936.jpg,https://i5.walmartimages.ca/images/Large/058/908/6000201058908.jpg,https://i5.walmartimages.ca/images/Enlarge/058/908/6000201058908.jpg,https://i5.walmartimages.ca/images/Thumbnails/058/908/6000201058908.jpg,https://i5.walmartimages.ca/images/Small/058/936/6000201058936.jpg,https://i5.walmartimages.ca/images/Large/058/908/6000201058908.jpg,https://i5.walmartimages.ca/images/Enlarge/058/908/6000201058908.jpg","Fruits|Fruits & Vegetables|Grocery, "
6000197215587,"Turmeric, Organic",85 g,"Organic turmeric is a powerful spice with antioxidant and antiseptic properties, used as a flavour enhancer in cooking vegetables and as a base spice in dishes.<br><br>FRESHNESS GUARANTEED<br>You want the freshest for your family and so do we. We've trained our Associates<br>to pick the best and freshest products to meet your expectations. Satisfaction guaranteed* or your money back!<br>*Terms and conditions apply. See the Online Grocery Help page at Walmart.ca for details.",n/a,"62891555112,62785500026,81476701181,79863831838",62891555112,"https://i5.walmartimages.ca/images/Thumbnails/685/152/6000198685152.jpg,https://i5.walmartimages.ca/images/Small/685/152/6000198685152.jpg,https://i5.walmartimages.ca/images/Large/685/152/6000198685152.jpg,https://i5.walmartimages.ca/images/Enlarge/685/152/6000198685152.jpg","Organic Fruits & Vegetables|Natural & Organic Food|Grocery, Fruits|Fruits & Vegetables|Grocery, "
6000199309570,Red Prince Apple,2.5 lb Bag,"Red prince apples have a deep red skin and white flesh with a crisp delicious taste, excellent for a snack.<br><br>FRESHNESS GUARANTEED<br>You want the freshest for your family and so do we. We've trained our Associates<br>to pick the best and freshest products to meet your expectations. Satisfaction guaranteed* or your money back!<br>*Terms and conditions apply. See the Online Grocery Help page at Walmart.ca for details.",n/a,3338346722,3338346722,"https://i5.walmartimages.ca/images/Thumbnails/595/501/6000199595501.jpg,https://i5.walmartimages.ca/images/Small/595/501/6000199595501.jpg,https://i5.walmartimages.ca/images/Large/595/501/6000199595501.jpg,https://i5.walmartimages.ca/images/Enlarge/595/501/6000199595501.jpg","Fruits|Fruits & Vegetables|Grocery, "
6000196088244,"Squash, Butternut Organic",Sold in singles,"The sweet and nutty flavour of the butternut squash has made it a great base for a variety of dishes. Bake with brown sugar, or pureed into a soup, the variety of delicious recipes is nearly endless.",n/a,"94759,29475900000,62891555105,209475900000",94759,"https://i5.walmartimages.ca/images/Thumbnails/947/596/999999-947596.jpg,https://i5.walmartimages.ca/images/Small/947/596/999999-947596.jpg,https://i5.walmartimages.ca/images/Large/947/596/999999-947596.jpg,https://i5.walmartimages.ca/images/Enlarge/947/596/999999-947596.jpg","Organic Fruits & Vegetables|Natural & Organic Food|Grocery, Fruits|Fruits & Vegetables|Grocery, "
6000196006540,"Tomato, Grape",1.5 lb Container,Grape tomatoes are a popular choice for snacks or adding to salads.,n/a,"5783602149,62891555230,67452677035,8577304525,60580612519,67452628066,6439112005,62891575204",5783602149,"https://i5.walmartimages.ca/images/Thumbnails/006/540/6000196006540.jpg,https://i5.walmartimages.ca/images/Small/006/540/6000196006540.jpg,https://i5.walmartimages.ca/images/Large/006/540/6000196006540.jpg,https://i5.walmartimages.ca/images/Enlarge/006/540/6000196006540.jpg","Vegetables|Fruits & Vegetables|Grocery, Fruits|Fruits & Vegetables|Grocery, "
6000199693428,Fruit Tray,Net Wt 1.36 kg,FRESHNESS GUARANTEED<br>You want the freshest for your family and so do we. We've trained our Associates<br>to pick the best and freshest products to meet your expectations. Satisfaction guaranteed* or your money back!<br>*Terms and conditions apply. See the Online Grocery Help page at Walmart.ca for details.,Del Monte Fresh Produce,71752477844,71752477844,"https://i5.walmartimages.ca/images/Thumbnails/058/930/6000201058930.jpg,https://i5.walmartimages.ca/images/Small/058/930/6000201058930.jpg,https://i5.walmartimages.ca/images/Large/058/930/6000201058930.jpg,https://i5.walmartimages.ca/images/Enlarge/058/930/6000201058930.jpg,https://i5.walmartimages.ca/images/Thumbnails/058/902/6000201058902.jpg,https://i5.walmartimages.ca/images/Small/058/930/6000201058930.jpg,https://i5.walmartimages.ca/images/Large/058/902/6000201058902.jpg,https://i5.walmartimages.ca/images/Enlarge/058/902/6000201058902.jpg,https://i5.walmartimages.ca/images/Thumbnails/058/902/6000201058902.jpg,https://i5.walmartimages.ca/images/Small/058/930/6000201058930.jpg,https://i5.walmartimages.ca/images/Large/058/902/6000201058902.jpg,https://i5.walmartimages.ca/images/Enlarge/058/902/6000201058902.jpg","Fruits|Fruits & Vegetables|Grocery, "
6000191271889,"Mango, Red",Sold in singles,"Succulent, fragrant and juicy red mango. Delicious on its own, in fruit salads or sorbets. Naturally high in vitamin C and fibre. Why it's healthier: Vitamin C helps maintain healthy skin and bones. Fibre helps maintain a healthy digestive system.",n/a,"20405100000,4051,4311,4959,20495900000,62891555200,4584,20431100000,20458400000,3114,3363,20336300000",20405100000,"https://i5.walmartimages.ca/images/Thumbnails/094/552/6000200094552.jpg,https://i5.walmartimages.ca/images/Small/094/552/6000200094552.jpg,https://i5.walmartimages.ca/images/Large/094/552/6000200094552.jpg,https://i5.walmartimages.ca/images/Enlarge/094/552/6000200094552.jpg","Fruits|Fruits & Vegetables|Grocery, "
6000191273839,Blackberries,6oz,Plump & juicy. Delicious swirled with low fat yogurt.,n/a,81204900731,81204900731,"https://i5.walmartimages.ca/images/Thumbnails/383/9_r/6000191273839_R.jpg,https://i5.walmartimages.ca/images/Small/383/9_r/6000191273839_R.jpg,https://i5.walmartimages.ca/images/Large/383/9_r/6000191273839_R.jpg,https://i5.walmartimages.ca/images/Enlarge/383/9_r/6000191273839_R.jpg","Fruits|Fruits & Vegetables|Grocery, "
6000191269959,"Apple, Granny Smith",Sold in singles,The Granny Smith is an uncompromising crisp hard apple with a very sharp taste.  Serve slightly chilled for a refreshing taste. Try pairing these Granny Smith apples with walnuts in your next salad!,n/a,"4017,20413900000,88339104139,4018,20413800000,20401700000,4252626917,4252626674,4252626916,20401800000",4017,"https://i5.walmartimages.ca/images/Thumbnails/995/9_r/6000191269959_R.jpg,https://i5.walmartimages.ca/images/Small/995/9_r/6000191269959_R.jpg,https://i5.walmartimages.ca/images/Large/995/9_r/6000191269959_R.jpg,https://i5.walmartimages.ca/images/Enlarge/995/9_r/6000191269959_R.jpg","Fruits|Fruits & Vegetables|Grocery, "
6000196625158,"Apple, Organic Gala",2 lb Bag,"The mild yet sweet flavour of the Gala apple has made it a family favourite for snacks, salads and sauces. The vibrant red mixes in with subtle hints of green to give the apple its unmistakable look.",n/a,"88339100006,88339100320,80914596201,88339100381,63855001179,63855001115,84747300379,80430500108,883391003818",88339100006,"https://i5.walmartimages.ca/images/Thumbnails/000/060/999999-883391000060.jpg,https://i5.walmartimages.ca/images/Small/000/060/999999-883391000060.jpg,https://i5.walmartimages.ca/images/Large/000/060/999999-883391000060.jpg,https://i5.walmartimages.ca/images/Enlarge/000/060/999999-883391000060.jpg","Organic Fruits & Vegetables|Natural & Organic Food|Grocery, Fruits|Fruits & Vegetables|Grocery, "
6000199359369,Your Fresh Market Clementine,2 lb,FRESHNESS GUARANTEED<br>You want the freshest for your family and so do we. We've trained our Associates<br>to pick the best and freshest products to meet your expectations. Satisfaction guaranteed* or your money back!<br>*Terms and conditions apply. See the Online Grocery Help page at Walmart.ca for details.,Your Fresh Market,62891582521,62891582521,"https://i5.walmartimages.ca/images/Thumbnails/825/213/628915825213.jpg,https://i5.walmartimages.ca/images/Small/825/213/628915825213.jpg,https://i5.walmartimages.ca/images/Large/825/213/628915825213.jpg,https://i5.walmartimages.ca/images/Enlarge/825/213/628915825213.jpg","Fruits|Fruits & Vegetables|Grocery, "
6000196024970,"Strawberries, Organic",1 lb,Sweet & succulent. Blitz with low fat yogurt and oats for a super smoothie.,n/a,"85299000800,71575620011,85171600601,78035378421,89906200257,3338320038,66529000182,85942600506,81204900951,3260160105,74007500162,6602200379,85229800225,81476701046,740075001620,74007500000,40031601838,850582002264,85058200226,88299000800,780353787421,71575620037,4122033470,85257500825",85299000800,"https://i5.walmartimages.ca/images/Thumbnails/159/052/6000200159052.jpg,https://i5.walmartimages.ca/images/Small/159/052/6000200159052.jpg,https://i5.walmartimages.ca/images/Large/159/052/6000200159052.jpg,https://i5.walmartimages.ca/images/Enlarge/159/052/6000200159052.jpg,https://i5.walmartimages.ca/images/Thumbnails/159/050/6000200159050.jpg,https://i5.walmartimages.ca/images/Small/159/052/6000200159052.jpg,https://i5.walmartimages.ca/images/Large/159/050/6000200159050.jpg,https://i5.walmartimages.ca/images/Enlarge/159/050/6000200159050.jpg","Organic Fruits & Vegetables|Natural & Organic Food|Grocery, Fruits|Fruits & Vegetables|Grocery, "
6000191289580,"Pineapple, Golden Jumbo",2.05-2.29 kg each,"• This Jumbo Pineapple is a great addition to smoothies<br>• Sweet, and Juicy<br>• Rich in vitamins, enzymes and antioxidant",n/a,"505037211800,4029,4430,4431,4432,64312607206,4433,79934100008,505037211600,9582950078,505037211700,505037211802,539700502203,64312607200,83361400100,9582950049,9934104029,85376400403,3338340004,9492277858,9582950080,20443100000,20443300000,62891555158,20443000000,744116200020,79934100006,3853760001,9934104430,40030192366,643126072089,7490406003,443018630051,20402900000,79934100005,64312607204,64312607208,539700502202,400000708511,4354363,4354360,4354354,4354355,4354364,4354358,4354361,4354362,4354359,4354353,4354356,4354357,20443200000,4252627072,4252626829,770920585143,64312607205,3648700000,61162895391",505037211800,"https://i5.walmartimages.ca/images/Thumbnails/198/453/6000200198453.jpg,https://i5.walmartimages.ca/images/Small/198/453/6000200198453.jpg,https://i5.walmartimages.ca/images/Large/198/453/6000200198453.jpg,https://i5.walmartimages.ca/images/Enlarge/198/453/6000200198453.jpg,https://i5.walmartimages.ca/images/Thumbnails/198/506/6000200198506.jpg,https://i5.walmartimages.ca/images/Small/198/453/6000200198453.jpg,https://i5.walmartimages.ca/images/Large/198/506/6000200198506.jpg,https://i5.walmartimages.ca/images/Enlarge/198/506/6000200198506.jpg","Fruits|Fruits & Vegetables|Grocery, "
6000189782334,"Orange, Seedless",4 lb Bag,"Juicy, sweet and delicious, the orange is a family favourite. Squeeze it to make refreshing home-made juice, cut up the fruit into snack-sized portions, or find a great tasting recipe. The great thing about oranges is that they are a quick, easy treat that you can enjoy at any time of the day.",n/a,"3338313000,3338310000,3338311002,3338311000,3338310050,3338332327,3338311003,60504947825,33383110035,3338311056,6602200478,3651511000,62891555090,3338311050,78995911002,79192811002,3651511018,33383130002,3651511002,242342431,36515110020,4252626685,4252626928,3338311052,234234245570,234234245569,234234245568,81483012485,81468301248",3338313000,"https://i5.walmartimages.ca/images/Thumbnails/110/004/999999-33383110004.jpg,https://i5.walmartimages.ca/images/Small/110/004/999999-33383110004.jpg,https://i5.walmartimages.ca/images/Large/110/004/999999-33383110004.jpg,https://i5.walmartimages.ca/images/Enlarge/110/004/999999-33383110004.jpg,https://i5.walmartimages.ca/images/Thumbnails/000/4_1/33383110004_1.jpg,https://i5.walmartimages.ca/images/Small/110/004/999999-33383110004.jpg,https://i5.walmartimages.ca/images/Large/000/4_1/33383110004_1.jpg,https://i5.walmartimages.ca/images/Enlarge/000/4_1/33383110004_1.jpg,https://i5.walmartimages.ca/images/Thumbnails/000/4_2/33383110004_2.jpg,https://i5.walmartimages.ca/images/Small/110/004/999999-33383110004.jpg,https://i5.walmartimages.ca/images/Large/000/4_2/33383110004_2.jpg,https://i5.walmartimages.ca/images/Enlarge/000/4_2/33383110004_2.jpg","Fruits|Fruits & Vegetables|Grocery, "
6000191268947,Cantaloupe,Sold in singles,"Satisfy your sweet tooth with a slice of Cantaloupe. This refreshing fruit is a perfect treat on it's own, or served with ice cream. Cantaloupe pieces wrapped in prosciutto are also a familiar antipasto dish that is sure to delight.",n/a,4050,4050,"https://i5.walmartimages.ca/images/Thumbnails/894/7_r/6000191268947_R.jpg,https://i5.walmartimages.ca/images/Small/894/7_r/6000191268947_R.jpg,https://i5.walmartimages.ca/images/Large/894/7_r/6000191268947_R.jpg,https://i5.walmartimages.ca/images/Enlarge/894/7_r/6000191268947_R.jpg","Fruits|Fruits & Vegetables|Grocery, "
6000191272138,Raspberries,6 oz,"Sweet & juicy! Raspberries pack a healthy punch of flavor in smoothies, alone as a snack, or in desserts.",n/a,"81204900440,3338321026,81588701017,63204530600,71575610001,81204900441,7143001109,66529000203,78035378396,40009479762,7157561001,62784346048,62113120355,76163520160,74007500102,3338321000,71575610010,750301578005,750302366103,1204900440,85762000319,85661200108,750301807407,40031337725,40031337726,40031337727,40031337728,40031337729,40031337730,71575610041,40078945614,20405400000,6602200570,12049004401,715756100101,815887010171,71575610011,856612001081,627843460481,33383210001,7503023661031,85301500130,7503015780051,7503018074071,857620003191,7503015780391,85344700355,82082404000,750032622792,85000342505",81204900440,"https://i5.walmartimages.ca/images/Thumbnails/094/581/6000200094581.jpg,https://i5.walmartimages.ca/images/Small/094/581/6000200094581.jpg,https://i5.walmartimages.ca/images/Large/094/581/6000200094581.jpg,https://i5.walmartimages.ca/images/Enlarge/094/581/6000200094581.jpg","Fruits|Fruits & Vegetables|Grocery, "
6000191271834,Avocado,Sold in singles,Ready to eat avacado. Creamy & nutty. Blend with lime juice and seasoning for a quick guacamole. Source of vitamin E. Source of vitamin B6. Source of pantothenic acid. Source of fibre.,n/a,"4770,4046,4225,4226,4224,4223,4771,4222,4221,20404600000,20422300000,20422200000,20422500000,20422400000,20477000000,20422600000,20477100000,20422100000",4770,"https://i5.walmartimages.ca/images/Thumbnails/-42/253/999999-42253.jpg,https://i5.walmartimages.ca/images/Small/-42/253/999999-42253.jpg,https://i5.walmartimages.ca/images/Large/-42/253/999999-42253.jpg,https://i5.walmartimages.ca/images/Enlarge/-42/253/999999-42253.jpg","Fruits|Fruits & Vegetables|Grocery, Mexican & Latin American|International Foods|Grocery, "
6000191268571,Lime,Sold in singles,Limes are ideal for adding flavour in cooking or serving with drinks.,n/a,"20404800000,4048,62891555045,4252626757,4252627000,4648,20464800000",20404800000,"https://i5.walmartimages.ca/images/Thumbnails/094/503/6000200094503.jpg,https://i5.walmartimages.ca/images/Small/094/503/6000200094503.jpg,https://i5.walmartimages.ca/images/Large/094/503/6000200094503.jpg,https://i5.walmartimages.ca/images/Enlarge/094/503/6000200094503.jpg","Fruits|Fruits & Vegetables|Grocery, "
6000194124194,"Grapes, Green Seedless",1 Bag,"The green seedless grape is a favoured snack time choice for adults and children. With a quick rinse of water, they are ready to go. With no prep work required, they are a great snack to pack for a trip to school or road trip adventure.",n/a,"4022,20449800000,81432601001,4497,6602204022,4498,20402200000,20449700000,4252626748,4252626991,8347701030,4274,20427400000,79357397841",4022,"https://i5.walmartimages.ca/images/Thumbnails/557/738/6000200557738.jpg,https://i5.walmartimages.ca/images/Small/557/738/6000200557738.jpg,https://i5.walmartimages.ca/images/Large/557/738/6000200557738.jpg,https://i5.walmartimages.ca/images/Enlarge/557/738/6000200557738.jpg","Fruits|Fruits & Vegetables|Grocery, "
6000187833003,"Pears, Bartlett",Sold in singles,Bartlett pears will add distinct flavour to any fruit bowl. They bring sweet flavour to salads and make excellent preserves and chutneys.,n/a,4024,4024,"https://i5.walmartimages.ca/images/Thumbnails/-40/242/999999-40242.jpg,https://i5.walmartimages.ca/images/Small/-40/242/999999-40242.jpg,https://i5.walmartimages.ca/images/Large/-40/242/999999-40242.jpg,https://i5.walmartimages.ca/images/Enlarge/-40/242/999999-40242.jpg","Fruits|Fruits & Vegetables|Grocery, "
6000191272346,"Orange, Seedless",Sold in singles,"Sweet, juicy and seedless.",n/a,"20401200000,3153,3156,3154,3155,4012,4013,3107,4388,20310700000,3108,4014,4385,20315500000,20315600000,20310800000,20315300000,20438500000,20315300001,20310700002,20315500002,20401300000,240130000,4252626782,4252627025,20401400000,20315400000,20438800000",20401200000,"https://i5.walmartimages.ca/images/Thumbnails/234/6_r/6000191272346_R.jpg,https://i5.walmartimages.ca/images/Small/234/6_r/6000191272346_R.jpg,https://i5.walmartimages.ca/images/Large/234/6_r/6000191272346_R.jpg,https://i5.walmartimages.ca/images/Enlarge/234/6_r/6000191272346_R.jpg","Fruits|Fruits & Vegetables|Grocery, "
6000191272016,"Banana, Organic",Sold in singles,"Organic, soft, sweet and delicious. The banana is a popular choice for breakfast, snacks or any time of the day. The vibrant yellow peel provides natural protection while storing, and is a great indicator of when the fruit is ready to eat!",n/a,"29401100000,71752411107,94011",29401100000,"https://i5.walmartimages.ca/images/Thumbnails/201/6_r/6000191272016_R.jpg,https://i5.walmartimages.ca/images/Small/201/6_r/6000191272016_R.jpg,https://i5.walmartimages.ca/images/Large/201/6_r/6000191272016_R.jpg,https://i5.walmartimages.ca/images/Enlarge/201/6_r/6000191272016_R.jpg","Organic Fruits & Vegetables|Natural & Organic Food|Grocery, Fruits|Fruits & Vegetables|Grocery, "
6000191273459,Avocado,Pack of 5,"As part of guacamole, in a salad or on a bun, avocados can be used in a wide variety of recipes. In many South American countries, avocados are added to milkshakes, made into juice and are a staple for many dips. Many salads also use chopped up avocados in combination with tomatoes, onions and olives.",n/a,"3338340159,40031210120",3338340159,"https://i5.walmartimages.ca/images/Thumbnails/094/559/6000200094559.jpg,https://i5.walmartimages.ca/images/Small/094/559/6000200094559.jpg,https://i5.walmartimages.ca/images/Large/094/559/6000200094559.jpg,https://i5.walmartimages.ca/images/Enlarge/094/559/6000200094559.jpg,https://i5.walmartimages.ca/images/Thumbnails/159/1_1/33383401591_1.jpg,https://i5.walmartimages.ca/images/Small/094/559/6000200094559.jpg,https://i5.walmartimages.ca/images/Large/159/1_1/33383401591_1.jpg,https://i5.walmartimages.ca/images/Enlarge/159/1_1/33383401591_1.jpg","Vegetables|Fruits & Vegetables|Grocery, Fruits|Fruits & Vegetables|Grocery, "
6000191268551,Lemon,Sold in singles,"Lemons are Ideal for cooking, zesting and drinks.",n/a,"4053,20495800000,4958,4033,20405300000,4252626999,20403300000,80914510103,40031227549",4053,"https://i5.walmartimages.ca/images/Thumbnails/094/504/6000200094504.jpg,https://i5.walmartimages.ca/images/Small/094/504/6000200094504.jpg,https://i5.walmartimages.ca/images/Large/094/504/6000200094504.jpg,https://i5.walmartimages.ca/images/Enlarge/094/504/6000200094504.jpg","Fruits|Fruits & Vegetables|Grocery, "
6000197576389,Blueberries,312 g,Blueberries make a delicious snack on their own or with yogurt and a little honey! Naturally high in vitamin C.,n/a,"780465030002,81204900690,40030049979,780463220000,780465085001,88100600111,780464725005,75565098897,3338322101,71575650003,775126200290,780466516002,780463288013,780462807138,7143000158,63204511100,780465466001,2821600000,3338322001,81466301001,85391400207,7143001151,81466201009,66529005040,6602200090,780012200029,780463234002,3338344522,3338322201,750301951911,3338322202,85735900205,81318701054,80465398012,780465068000,71575630004,40031349818,40031349819,40031349820,40031349821,40031349822,62784361345,81037601065,85735900282,85735900200,85717800603,40031329185,40031329186,4586800001,88520600012,84109110005,85717800623,40031329178,40031329179,81165402008,88520600114,85811000600,750302428702,81363501003,86008500112,86371500010,4252626690,84639100705,70817422001,89170000213,4001649797,750301578009,85762000327,85553100403,812092030113,40030684238,40030684247,40030684211,3338322029,85111200222,85390800201",780465030002,"https://i5.walmartimages.ca/images/Thumbnails/250/8_r/6000196012508_R.jpg,https://i5.walmartimages.ca/images/Small/250/8_r/6000196012508_R.jpg,https://i5.walmartimages.ca/images/Large/250/8_r/6000196012508_R.jpg,https://i5.walmartimages.ca/images/Enlarge/250/8_r/6000196012508_R.jpg","Fruits|Fruits & Vegetables|Grocery, "
6000195440985,"Grapes, Red Seedless",1 Bag,"The red seedless grape is a favoured snack time choice for adults and children. With a quick rinse of water, they are ready to go. With no prep work required, they are a great snack to pack for a trip to school or road trip adventure.",n/a,"4023,62891555023,400012348784,400123487958",4023,"https://i5.walmartimages.ca/images/Thumbnails/042/489/6000201042489.jpg,https://i5.walmartimages.ca/images/Small/042/489/6000201042489.jpg,https://i5.walmartimages.ca/images/Large/042/489/6000201042489.jpg,https://i5.walmartimages.ca/images/Enlarge/042/489/6000201042489.jpg","Fruits|Fruits & Vegetables|Grocery, "
6000187473588,"Cherries, Jumbo",1 Bag,"Cherries are a rich source of phytonutrients, vitamins, and minerals. Cherries are great as a snack as well as in salads or to top off ice cream.",n/a,"4045,20404500000,4252626942,4252626699,85121000225,400035728935,88828900081,81320001057,88734331052,88339100039,80430504045",4045,"https://i5.walmartimages.ca/images/Thumbnails/198/286/6000200198286.jpg,https://i5.walmartimages.ca/images/Small/198/286/6000200198286.jpg,https://i5.walmartimages.ca/images/Large/198/286/6000200198286.jpg,https://i5.walmartimages.ca/images/Enlarge/198/286/6000200198286.jpg,https://i5.walmartimages.ca/images/Thumbnails/198/289/6000200198289.jpg,https://i5.walmartimages.ca/images/Small/198/286/6000200198286.jpg,https://i5.walmartimages.ca/images/Large/198/289/6000200198289.jpg,https://i5.walmartimages.ca/images/Enlarge/198/289/6000200198289.jpg","Fruits|Fruits & Vegetables|Grocery, "
6000196088052,"Watermelon, Large Seedless","Sold in singles, average 11 lb",Seedless watermelon is a refreshing and tasty treat the whole family can enjoy. Average weight per watermelon is 11 lb.,n/a,"4032,40030272798",4032,"https://i5.walmartimages.ca/images/Thumbnails/125/981/6000200125981.jpg,https://i5.walmartimages.ca/images/Small/125/981/6000200125981.jpg,https://i5.walmartimages.ca/images/Large/125/981/6000200125981.jpg,https://i5.walmartimages.ca/images/Enlarge/125/981/6000200125981.jpg","Fruits|Fruits & Vegetables|Grocery, "
871284,Strawberries,1 lb,Sweet & succulent. Blitz with low fat yogurt and oats for a super smoothie.,n/a,"85092500226,85762000304,85025100206,3338320033,81204900510,81204900530,3338320027,63204541600,81204900511,7143000752,85058200200,86226400013,85229800213,85401300201,66529000118,85395100202,62805579811,86254800031,6929870103,85942600500,84644900000,62784346046,78035378403,71575620002,3338320127,67170400000,85229800203,750301951900,6602200371,6529000118,60580613044,85661200111,8530150011,71575650601,6929870125,74007500089,74007500163,85684500400,85788900301,88544320027,85105700212,85092500221,85052600300,3338344679,5395100202,85058200221,86226400018,67170400001,40031333494,40031333495,40031333496,40031333497,3338320202,80353708403,81133402015,85301500110,85892900416,76919740402,8525750082,8622640001,40078945612,140031333496,140031333494,140078945612,140031333497,140031333495,85487700701,85000193400,62669311890,85257500828,85000193425,76163520500,85257500843,85789500300,7500326999000,81209203017,81034302074,750032699900,4246,750301807405,85000193406,85390200200",85092500226,"https://i5.walmartimages.ca/images/Thumbnails/094/582/6000200094582.jpg,https://i5.walmartimages.ca/images/Small/094/582/6000200094582.jpg,https://i5.walmartimages.ca/images/Large/094/582/6000200094582.jpg,https://i5.walmartimages.ca/images/Enlarge/094/582/6000200094582.jpg","Fruits|Fruits & Vegetables|Grocery, "
6000195494285,"Apple, Gala",Sold in singles,"The mild yet sweet flavour of the Gala apple has made it a family favourite for snacks, salads and sauces. The vibrant red mixes in with subtle hints of green to give the apple its unmistakable look.",n/a,"3338300761,4132,4173,20417300000,4133,4135,4174,88339104135,88339104133,77546204132,20413300000,20413200000,4252626672,4252626915,20413500000,20417400000",3338300761,"https://i5.walmartimages.ca/images/Thumbnails/094/514/6000200094514.jpg,https://i5.walmartimages.ca/images/Small/094/514/6000200094514.jpg,https://i5.walmartimages.ca/images/Large/094/514/6000200094514.jpg,https://i5.walmartimages.ca/images/Enlarge/094/514/6000200094514.jpg","Fruits|Fruits & Vegetables|Grocery, "
